Title,Link,Source,DateOnly,Ticker
"jim cramer on starbucks: ""i think it was a very positive quarter""",/news/125467/jim-cramer-on-starbucks-i-think-it-was-a-very-positive-quarter,Insider Monkey,2025-08-02,SBUX
starbucks ceo talks rising coffee prices and tariffs,https://finance.yahoo.com/video/starbucks-ceo-talks-rising-coffee-221342376.html,Yahoo Finance Video,2025-08-01,SBUX
"the best way to see china? on futuristic, punctual, very fast trains",https://finance.yahoo.com/m/8ada9915-5a7b-3888-8f2e-4c3bdecee29a/the-best-way-to-see-china%3F-on.html,The Wall Street Journal,2025-08-01,SBUX
wall street circles starbucks as china deal heats up--tech giants and pe titans in bidding war,https://finance.yahoo.com/news/wall-street-circles-starbucks-china-193518094.html,GuruFocus.com,2025-08-01,SBUX
"starbucks, cava, shake shack, bloomin' brands, and cracker barrel shares are falling, what you need to know",/news/125185/starbucks-cava-shake-shack-bloomin-brands-and-cracker-barrel-shares-are-falling-what-you-need-to-know,StockStory,2025-08-01,SBUX
"starbucks corporation (sbux): don't worry about luckin coffee, says jim cramer",/news/125144/starbucks-corporation-sbux-dont-worry-about-luckin-coffee-says-jim-cramer,Insider Monkey,2025-08-01,SBUX
starbucks ceo announces 'sunset' of entire line of stores. 3 are in tennessee,https://finance.yahoo.com/m/27a31675-efaf-3659-9a22-de25c5bd0a80/starbucks-ceo-announces.html,The Tennessean,2025-08-01,SBUX
"starbucks earnings report draws sharp views from veteran trader, hedge funder",https://finance.yahoo.com/m/b50b7e58-14e0-38e1-9e03-bb3accc8484c/starbucks-earnings-report.html,TheStreet,2025-08-01,SBUX
"earnings live: exxon, chevron profits beat estimates, moderna stock tumbles",https://finance.yahoo.com/news/live/earnings-live-exxon-chevron-profits-beat-estimates-moderna-stock-tumbles-120617103.html,Yahoo Finance,2025-08-01,SBUX
"earnings live: exxon, chevron oil output boosts profits, moderna stock tumbles",https://finance.yahoo.com/news/live/earnings-live-exxon-chevron-oil-output-boosts-profits-moderna-stock-tumbles-120617834.html,Yahoo Finance,2025-08-01,SBUX
"earnings live: exxon, chevron oil output boosts profits, moderna stock tumbles, amazon sinks",https://finance.yahoo.com/news/live/earnings-live-exxon-chevron-oil-output-boosts-profits-moderna-stock-tumbles-amazon-sinks-120617054.html,Yahoo Finance,2025-08-01,SBUX
starbucks shortlists dozen firms including tencent for china investment,https://finance.yahoo.com/news/starbucks-shortlists-dozen-firms-including-040657345.html,Bloomberg,2025-08-01,SBUX
"earnings live: apple tops estimates, amazon stock slips, reddit surges",https://finance.yahoo.com/news/live/earnings-live-apple-tops-estimates-amazon-stock-slips-reddit-surges-205102706.html,Yahoo Finance,2025-07-31,SBUX
"starbucks q3 earnings hurt by lower comps, signs of turnaround emerge",/news/123295/starbucks-q3-earnings-hurt-by-lower-comps-signs-of-turnaround-emerge,Zacks,2025-07-31,SBUX
"earnings live: microsoft, meta stocks surge with more tech earnings from apple and reddit on deck",https://finance.yahoo.com/news/live/earnings-live-microsoft-meta-stocks-surge-with-more-tech-earnings-from-apple-and-reddit-on-deck-164005468.html,Yahoo Finance,2025-07-31,SBUX
starbucks schultz tells workers to buy in on new ceos plans,https://finance.yahoo.com/news/starbucks-schultz-tells-workers-buy-155013483.html,Bloomberg,2025-07-31,SBUX
"starbucks is closing all pickup-only stores, ceo says. see locations.",https://finance.yahoo.com/m/be2122bb-24df-3db9-9f33-d7b3aaab0fbe/starbucks-is-closing-all.html,USA TODAY,2025-07-31,SBUX
5 stocks to buy in august with tremendous upside potential,/news/122281/5-stocks-to-buy-in-august-with-tremendous-upside-potential,MarketBeat,2025-07-31,SBUX
starbucks to discontinue pickup-only store format in us,https://finance.yahoo.com/m/31f2e53d-4f87-371f-90f8-7ed12afb3c0a/starbucks-to-discontinue.html,Verdict Food Service,2025-07-31,SBUX
"stock market news, july 30, 2025: u.s., korea reach trade deal; powell signals reluctance to cut rates",https://www.wsj.com/livecoverage/fed-meeting-interest-rate-decision-07-30-2025?mod=wsj_FV,The Wall Street Journal,2025-07-31,SBUX
"i found starbucks' overall results pretty encouraging, says jim cramer",https://www.youtube.com/watch?v=2w9TQ_ZBSU0,CNBC TV,2025-07-30,SBUX
podcast: federal reserve holds the line on rates,https://finance.yahoo.com/m/a346e70e-1ae6-34df-bf85-7c7405cef77c/podcast%3A-federal-reserve.html,The Wall Street Journal,2025-07-30,SBUX
starbucks reports sixth straight quarter of declining same-store sales,https://www.nrn.com/quick-service/starbucks-reports-sixth-straight-quarter-of-declining-same-store-sales,Nation's Restaurant News,2025-07-30,SBUX
"stocks to watch recap: freeport-mcmoran, hershey, palo alto, starbucks",https://finance.yahoo.com/m/65c8c5d1-4718-356f-96ee-d1efcb4150dd/stocks-to-watch-recap%3A.html,The Wall Street Journal,2025-07-30,SBUX
should you buy the post-earnings dip in starbucks stock?,https://finance.yahoo.com/m/7a7a4b18-f856-35f7-bae1-9a44095afa56/should-you-buy-the.html,Barchart,2025-07-30,SBUX
"earnings live: microsoft, meta stocks surge; robinhood beats; ford warns on tariff exposure",https://finance.yahoo.com/news/live/earnings-live-microsoft-meta-stocks-surge-robinhood-beats-ford-warns-on-tariff-exposure-203613919.html,Yahoo Finance,2025-07-30,SBUX
"these stocks moved the most today: humana, sofi, lendingclub, generac, palo alto, teradyne, harley-davidson, peloton, and more",https://finance.yahoo.com/m/1e156f0f-f359-32f5-9484-12bc5b24b44a/these-stocks-moved-the-most.html,Barrons.com,2025-07-30,SBUX
"starbucks pilots 'coffee house of the future,' to phase out pickup-only stores",https://chainstoreage.com/starbucks-pilots-coffee-house-future-phase-out-pickup-only-stores,Chain Store Age,2025-07-30,SBUX
starbucks ceo on business in china and competition from local brands,https://www.youtube.com/shorts/7dAhiUzEjTA,CNBC TV,2025-07-30,SBUX
starbucks is discontinuing mobile order and pickup-only stores,https://www.nrn.com/quick-service/starbucks-is-discontinuing-mobile-order-and-pickup-only-stores,Nation's Restaurant News,2025-07-30,SBUX
"these stocks are moving the most today: humana, sofi, lendingclub, generac, palo alto, teradyne, harley-davidson, peloton, and more",https://finance.yahoo.com/m/1e156f0f-f359-32f5-9484-12bc5b24b44a/these-stocks-are-moving-the.html,Barrons.com,2025-07-30,SBUX
starbucks ends 6-year gen z experiment after finding proof that human connection is better,https://finance.yahoo.com/news/starbucks-ends-6-gen-z-181015784.html,Fortune,2025-07-30,SBUX
starbucks ceo brian niccol: the company had been 'mismanaged for a couple of years',https://www.youtube.com/shorts/dseme1qDiVY,CNBC TV,2025-07-30,SBUX
starbucks is juggling lots of new ideas to turn itself around. here's when you might see the newest menu offerings.,https://www.marketwatch.com/story/starbucks-is-juggling-lots-of-new-ideas-to-turn-itself-around-heres-when-you-might-see-the-newest-menu-offerings-bfa1837a?mod=mw_FV,MarketWatch,2025-07-30,SBUX
are starbucks ceo niccol's moves the 'shot of energy' the coffee chain needs?,https://finance.yahoo.com/m/4ff4005c-6168-3075-bb34-e3aa4193e23e/are-starbucks-ceo-niccol%27s.html,Investopedia,2025-07-30,SBUX
"markets want rate cut, but fed faces tough choice, chief investment officer says",https://finance.yahoo.com/news/markets-want-rate-cut-but-fed-faces-tough-choice-chief-investment-officer-says-172202322.html,Yahoo Finance,2025-07-30,SBUX
"markets want a rate cut but the fed faces a tough choice, says a chief investment officer",https://finance.yahoo.com/news/markets-want-a-rate-cut-but-the-fed-faces-a-tough-choice-says-a-chief-investment-officer-172202307.html,Yahoo Finance,2025-07-30,SBUX
"wingstop flies after strong earnings, but starbucks cedes gains",https://www.investors.com/news/wingstop-stock-earnings-sbux-stock?mod=IBD_FV,Investor's Business Daily,2025-07-30,SBUX
starbucks coo on why hospitality is the answer to the company's challenges,https://www.youtube.com/shorts/pJclYAWbWsU,CNBC TV,2025-07-30,SBUX
could china's luckin coffee threaten starbucks in the u.s.?,https://www.youtube.com/shorts/NFvKoLiUxY0,CNBC TV,2025-07-30,SBUX
"stocks to watch wednesday: hershey, palo alto, starbucks, ge healthcare",https://finance.yahoo.com/m/65c8c5d1-4718-356f-96ee-d1efcb4150dd/stocks-to-watch-wednesday%3A.html,The Wall Street Journal,2025-07-30,SBUX
starbucks coo on what 'green apron service' means,https://www.youtube.com/shorts/MtbwqmcJVG0,CNBC TV,2025-07-30,SBUX
starbucks wants to tap the protein trend. here's how,https://finance.yahoo.com/m/d4dc1bd3-23d7-3fd7-bf24-72a428b58d66/starbucks-wants-to-tap-the.html,Investopedia,2025-07-30,SBUX
"coffee chain black rock coffee confidentially files to go public, sources say",https://finance.yahoo.com/news/coffee-chain-black-rock-coffee-152834475.html,Reuters,2025-07-30,SBUX
starbucks is shutting down an entire line of cafes,https://finance.yahoo.com/m/09cf971a-27f9-3c7b-a46f-f79370f4c78c/starbucks-is-shutting-down-an.html,CNN Business,2025-07-30,SBUX
starbucks ceo brian niccol on green apron service rollout,https://www.youtube.com/shorts/ce7dQhyJkoo,CNBC TV,2025-07-30,SBUX
starbucks coo on coffee pickup in 'four minutes or less',https://www.youtube.com/shorts/0zxt74vBQPg,CNBC TV,2025-07-30,SBUX
"starbucks tests coconut drinks, agave syrup in healthier menu for rfk jr. era",https://finance.yahoo.com/news/starbucks-tests-coconut-drinks-agave-144549203.html,Bloomberg,2025-07-30,SBUX
"starbucks q3 earnings miss estimates, revenues rise y/y, stock up",/news/121228/starbucks-q3-earnings-miss-estimates-revenues-rise-yy-stock-up,Zacks,2025-07-30,SBUX
do wall street analysts like starbucks stock?,https://finance.yahoo.com/m/192969d3-ac28-3ba7-9c97-ccd1c82870b2/do-wall-street-analysts-like.html,Barchart,2025-07-30,SBUX
starbucks ceo brian niccol promises a return to glory days: opening bid top takeaway,https://finance.yahoo.com/news/starbucks-ceo-brian-niccol-promises-a-return-to-glory-days-opening-bid-top-takeaway-143145269.html,Yahoo Finance,2025-07-30,SBUX
"communities, police nationwide gather for national night out on august 5th to promote neighborhood unity and safety",https://finance.yahoo.com/news/communities-police-nationwide-gather-national-141500836.html,PR Newswire,2025-07-30,SBUX
"starbucks ceo brian niccol talks q3 earnings, turnaround strategy",https://finance.yahoo.com/video/starbucks-ceo-brian-niccol-talks-135759501.html,Yahoo Finance Video,2025-07-30,SBUX
starbucks ceo brian niccol: we want to build back a better starbucks,https://www.youtube.com/watch?v=EWj7HykbYyg,CNBC TV,2025-07-30,SBUX
starbucks ceo is accelerating the rollout of its new operating model: morgan stanley's brian harbour,https://www.youtube.com/watch?v=1NXY_AMItEU,CNBC TV,2025-07-30,SBUX
starbucks vows a 'wave of innovation' next year. will it get in the way of quicker service?,https://www.marketwatch.com/story/starbucks-investments-in-staff-hit-profits-but-ceo-says-turnaround-is-likely-ahead-of-schedule-2fe13e15?mod=mw_FV,MarketWatch,2025-07-30,SBUX
"adidas, novo nordisk, starbucks: trending stocks",https://finance.yahoo.com/video/adidas-novo-nordisk-starbucks-trending-122245717.html,Yahoo Finance Video,2025-07-30,SBUX
ihop embraces the dubai chocolate trend,https://finance.yahoo.com/m/c253bc3e-840b-3631-af36-5e77236c6d41/ihop-embraces-the-dubai.html,Nation's Restaurant News,2025-07-30,SBUX
"these stocks are moving the most today: visa, starbucks, sofi, humana, lendingclub, vertiv, microsoft, meta, and more",https://www.barrons.com/articles/stock-movers-624049e4?mod=bar_FV,Barrons.com,2025-07-30,SBUX
5 things to know before the stock market opens,https://finance.yahoo.com/m/b983d238-4005-3ae0-887b-3aa909509518/5-things-to-know-before-the.html,Investopedia,2025-07-30,SBUX
stock markets beware summer scares. what microsoft must learn from novo's $75 billion crash.,https://www.barrons.com/articles/stock-market-microsoft-novo-things-to-know-today-3da9e532?mod=bar_FV,Barrons.com,2025-07-30,SBUX
"futures steady as markets look to fed decision, megacap earnings",https://finance.yahoo.com/news/futures-steady-markets-look-fed-102230174.html,Reuters,2025-07-30,SBUX
"starbucks stock jumps after earnings, and other early market movers",https://www.marketwatch.com/livecoverage/stock-market-today-dow-s-p500-nasdaq-eye-gains-ahead-of-fed-decision-meta-microsoft-earnings/card/starbucks-stock-jumps-after-earnings-and-other-early-market-movers-uGus0O0q1lPCKnXonlir?mod=mw_FV,MarketWatch,2025-07-30,SBUX
starbucks net earnings plunges 47% in q3 fy25,https://finance.yahoo.com/m/4adfb811-992d-3c64-94f2-40d71b718a41/starbucks-net-earnings.html,Verdict Food Service,2025-07-30,SBUX
starbucks shares rise as ceo niccol's turnaround efforts gain traction,https://finance.yahoo.com/news/starbucks-shares-rise-ceo-niccols-093145500.html,Reuters,2025-07-30,SBUX
starbucks corp (sbux) q3 2025 earnings call highlights: navigating challenges with strategic ...,https://finance.yahoo.com/news/starbucks-corp-sbux-q3-2025-071848363.html,GuruFocus.com,2025-07-30,SBUX
analyst report: starbucks corporation,https://finance.yahoo.com/m/3d9b75cb-795a-3829-a494-33290d55239b/analyst-report%3A-starbucks.html,Morningstar Research,2025-07-30,SBUX
starbucks execs say 'tangible progress' made in turnaround effort; sales slump slightly,https://finance.yahoo.com/m/5391f8b9-24d7-30fa-a124-4db65b6b7088/starbucks-execs-say-%27tangible.html,USA TODAY,2025-07-29,SBUX
"stock market today: dow, s&p 500, nasdaq futures trade flat as wall street awaits fed decision, big tech results",https://finance.yahoo.com/news/live/stock-market-today-dow-sp-500-nasdaq-futures-trade-flat-as-wall-street-awaits-fed-decision-big-tech-results-233533691.html,Yahoo Finance,2025-07-29,SBUX
"stock market today: dow, s&p 500, nasdaq futures push up as wall street awaits fed decision, big tech results",https://finance.yahoo.com/news/live/stock-market-today-dow-sp-500-nasdaq-futures-push-up-as-wall-street-awaits-fed-decision-big-tech-results-233533632.html,Yahoo Finance,2025-07-29,SBUX
"compared to estimates, starbucks (sbux) q3 earnings: a look at key metrics",/news/119962/compared-to-estimates-starbucks-sbux-q3-earnings-a-look-at-key-metrics,Zacks,2025-07-29,SBUX
"starbucks abandons mobile order, pickup-only stores",https://finance.yahoo.com/m/d97c8ef0-1120-3e14-941b-6d1cfa34233f/starbucks-abandons-mobile.html,The Wall Street Journal,2025-07-29,SBUX
markets give up gains amid major news week,/news/119923/markets-give-up-gains-amid-major-news-week,Zacks,2025-07-29,SBUX
starbucks sales still show weakness. same-store sales dip 2%.,https://finance.yahoo.com/m/83d1e4f5-c61f-3772-89a6-e84145a16681/starbucks-sales-still-show.html,Barrons.com,2025-07-29,SBUX
starbucks still needs more time,/news/119758/starbucks-still-needs-more-time,Motley Fool,2025-07-29,SBUX
starbucks stock climbs as ceo niccol says 'back to starbucks' plan is ahead of schedule,https://finance.yahoo.com/m/ed3730b4-251b-3695-9765-16af21acc1cd/starbucks-stock-climbs-as-ceo.html,Investopedia,2025-07-29,SBUX
starbucks (sbux) misses q3 earnings estimates,/news/119777/starbucks-sbux-misses-q3-earnings-estimates,Zacks,2025-07-29,SBUX
starbucks touts progress on turnaround despite q3 earnings miss,https://finance.yahoo.com/news/starbucks-touts-progress-turnaround-despite-210637791.html,Investing.com,2025-07-29,SBUX
starbucks revenue beats wall street expectations despite decline in global sales,https://qz.com/starbucks-q3-earnings-2025,Quartz,2025-07-29,SBUX
starbucks (nasdaq:sbux) surprises with q2 sales,/news/119735/starbucks-nasdaq-sbux-surprises-with-q2-sales,StockStory,2025-07-29,SBUX
starbucks beats earnings expectations,https://www.youtube.com/watch?v=cFq7qeamNwU,CNBC TV,2025-07-29,SBUX
starbucks struggles to perk up sales,https://www.wsj.com/business/earnings/starbucks-earnings-q3-sbux-stock-382db7ae?mod=wsj_FV,The Wall Street Journal,2025-07-29,SBUX
starbucks earnings beat revenue estimates. the stock is climbing.,https://finance.yahoo.com/m/83d1e4f5-c61f-3772-89a6-e84145a16681/starbucks-earnings-beat.html,Barrons.com,2025-07-29,SBUX
"starbucks earnings fall short, ceo touts turnaround plan",https://finance.yahoo.com/video/starbucks-earnings-fall-short-ceo-202137852.html,Yahoo Finance Video,2025-07-29,SBUX
starbucks: fiscal q3 earnings snapshot,https://finance.yahoo.com/news/starbucks-fiscal-q3-earnings-snapshot-201759043.html,Associated Press Finance,2025-07-29,SBUX
"starbucks beats revenue estimates on china strength, turnaround strategy",https://finance.yahoo.com/news/starbucks-posts-steeper-expected-drop-201335074.html,Reuters,2025-07-29,SBUX
starbucks looks to protein drinks and other new products to turn around lagging us sales next year,https://finance.yahoo.com/news/starbucks-looks-protein-drinks-other-201239600.html,Associated Press Finance,2025-07-29,SBUX
starbucks reports q3 fiscal year 2025 results,https://www.businesswire.com/news/home/20250729489541/en/,Business Wire,2025-07-29,SBUX
all eyes are on starbucks today. why a stock turnaround doesn't seem likely.,https://www.barrons.com/articles/starbucks-earnings-stock-luckin-coffee-eb7b8197?mod=bar_FV,Barrons.com,2025-07-29,SBUX
"dannon parent sues chobani over cold brew coffee slogan, packaging",https://finance.yahoo.com/news/dannon-parent-sues-chobani-over-180847055.html,Reuters,2025-07-29,SBUX
"stock market today: dow, s&p 500, nasdaq slip as earnings roll in, fed decision looms",https://finance.yahoo.com/news/live/stock-market-today-dow-sp-500-nasdaq-slip-as-earnings-roll-in-fed-decision-looms-165618826.html,Yahoo Finance,2025-07-29,SBUX
"stock market today: s&p 500, nasdaq slip as earnings roll in, fed decision looms",https://finance.yahoo.com/news/live/stock-market-today-sp-500-nasdaq-slip-as-earnings-roll-in-fed-decision-looms-165618728.html,Yahoo Finance,2025-07-29,SBUX
doubling down on hospitality: starbucks coo on 'green apron service',https://www.youtube.com/watch?v=pyD8zDQImtk,CNBC TV,2025-07-29,SBUX
"tariff deadline, china trade talks, tech earnings: what to watch this week",https://finance.yahoo.com/m/a68daddf-282f-3e7e-9702-6be23450ad83/tariff-deadline%2C-china-trade.html,The Wall Street Journal,2025-07-29,SBUX
prolift garage doors of humble hosts 2nd annual school supply drive to support local students,https://finance.yahoo.com/news/prolift-garage-doors-humble-hosts-112300800.html,PR Newswire,2025-07-29,SBUX
starbucks earnings: why turnaround ceo brian niccol needs investors to stay patient,https://finance.yahoo.com/m/5194f98f-45fe-30a8-b47f-75c1d52b7680/starbucks-earnings%3A-why.html,The Wall Street Journal,2025-07-29,SBUX
"dow components unitedhealth, boeing and visa lead busy earnings slate",https://www.marketwatch.com/livecoverage/stock-market-today-dow-s-p500-nasdaq-called-higher-as-fed-decision-jobs-data-tech-earnings-loom/card/dow-components-unitedhealth-boeing-and-visa-lead-busy-earnings-slate-C9TObP1kFV2lmDwZl8JD?mod=mw_FV,MarketWatch,2025-07-29,SBUX
"stock market today: s&p 500 eyes seven day winning streak, and fresh record, while dow and nasdaq also called higher ahead of fed meeting, batch of jobs data and big tech earnings.",https://www.marketwatch.com/livecoverage/stock-market-today-dow-s-p500-nasdaq-called-higher-as-fed-decision-jobs-data-tech-earnings-loom?mod=mw_FV,MarketWatch,2025-07-29,SBUX
"tariff deadline, jobs report, tech earnings: what to watch this week",https://finance.yahoo.com/m/a68daddf-282f-3e7e-9702-6be23450ad83/tariff-deadline%2C-jobs-report%2C.html,The Wall Street Journal,2025-07-29,SBUX
starbucks reports earnings tuesday. there may be some 'reinvention fatigue.',https://www.barrons.com/articles/starbucks-earnings-stock-price-9b692996?mod=bar_FV,Barrons.com,2025-07-29,SBUX
